<?xml version="1.0" encoding="utf-8"?>
<ApplicationInstallerManifest>
   <DefaultInstallationDirectory>/Applications/PACE/PACE/</DefaultInstallationDirectory>
   <ApplicationName>PACE</ApplicationName>
   <ExecutableName>application/PACE.exe</ExecutableName>
   <GUID>dbd504d8-6d07-4bae-a4e1-43f314baa8e3</GUID>
   <ApplicationIcon>default_icon_48.png</ApplicationIcon>
   <Logo>default_logo.png</Logo>
   <Version>1.5</Version>
   <InstallationNotes>In the following directions, replace MR/v96 by the directory on the target machine where MATLAB is installed, or MR by the directory where the MATLAB Runtime is installed.

If the environment variable DYLD_LIBRARY_PATH is undefined, set it to the following string:

MR/v96/runtime/maci64:MR/v96/sys/os/maci64:MR/v96/bin/maci64

If it is defined, set it to the following:

${DYLD_LIBRARY_PATH}:MR/v96/runtime/maci64:MR/v96/sys/os/maci64:MR/v96/bin/maci64
</InstallationNotes>
   <AuthorOrganization>PACE</AuthorOrganization>
   <WelcomePanelText>PACE 1.5
Mike Jollands
jollands@ldeo.columbia.edu</WelcomePanelText>
   <MCRProducts>
      <MCRProduct>
         <ExternalProductIdentifier>35000</ExternalProductIdentifier>
      </MCRProduct>
      <MCRProduct>
         <ExternalProductIdentifier>35010</ExternalProductIdentifier>
      </MCRProduct>
   </MCRProducts>
</ApplicationInstallerManifest>